"block","type","word"
1,"word","pencil"
1,"word","forest"
1,"word","shoe"
1,"word","small"
1,"word","paper"
1,"word","table"
1,"word","always"
1,"word","hair"
1,"word","house"
1,"word","lake"
1,"word","time"
1,"word","clean"
1,"word","bottle"
1,"word","slow"
1,"word","ghost"
1,"word","basin"
1,"word","advice"
1,"word","cure"
1,"word","bush"
1,"word","flock"
1,"word","hold"
1,"word","moment"
1,"word","circus"
1,"word","noun"
1,"word","path"
1,"word","where"
1,"word","pony"
1,"word","essay"
1,"word","graze"
1,"word","sector"
1,"word","boldly"
1,"word","drone"
1,"word","locust"
1,"word","diary"
1,"word","bait"
1,"word","edit"
1,"word","crop"
1,"word","absorb"
1,"word","sought"
1,"word","soup"
1,"word","dove"
1,"word","pond"
1,"word","turn"
1,"word","hood"
